-2.500000000000000000e-01,0.000000000000000000e+00
-2.489999999999999991e-01,0.000000000000000000e+00
-2.479999999999999982e-01,0.000000000000000000e+00
-2.469999999999999973e-01,0.000000000000000000e+00
-2.459999999999999964e-01,0.000000000000000000e+00
-2.449999999999999956e-01,0.000000000000000000e+00
-2.439999999999999947e-01,0.000000000000000000e+00
-2.429999999999999938e-01,0.000000000000000000e+00
-2.419999999999999929e-01,0.000000000000000000e+00
-2.409999999999999920e-01,0.000000000000000000e+00
-2.399999999999999911e-01,0.000000000000000000e+00
-2.389999999999999902e-01,0.000000000000000000e+00
-2.379999999999999893e-01,0.000000000000000000e+00
-2.369999999999999885e-01,0.000000000000000000e+00
-2.359999999999999876e-01,0.000000000000000000e+00
-2.349999999999999867e-01,0.000000000000000000e+00
-2.339999999999999858e-01,0.000000000000000000e+00
-2.329999999999999849e-01,0.000000000000000000e+00
-2.319999999999999840e-01,0.000000000000000000e+00
-2.309999999999999831e-01,0.000000000000000000e+00
-2.299999999999999822e-01,0.000000000000000000e+00
-2.289999999999999813e-01,0.000000000000000000e+00
-2.279999999999999805e-01,0.000000000000000000e+00
-2.269999999999999796e-01,0.000000000000000000e+00
-2.259999999999999787e-01,0.000000000000000000e+00
-2.249999999999999778e-01,0.000000000000000000e+00
-2.239999999999999769e-01,0.000000000000000000e+00
-2.229999999999999760e-01,0.000000000000000000e+00
-2.219999999999999751e-01,0.000000000000000000e+00
-2.209999999999999742e-01,0.000000000000000000e+00
-2.199999999999999734e-01,0.000000000000000000e+00
-2.189999999999999725e-01,0.000000000000000000e+00
-2.179999999999999716e-01,0.000000000000000000e+00
-2.169999999999999707e-01,0.000000000000000000e+00
-2.159999999999999698e-01,0.000000000000000000e+00
-2.149999999999999689e-01,0.000000000000000000e+00
-2.139999999999999680e-01,0.000000000000000000e+00
-2.129999999999999671e-01,0.000000000000000000e+00
-2.119999999999999662e-01,0.000000000000000000e+00
-2.109999999999999654e-01,0.000000000000000000e+00
-2.099999999999999645e-01,0.000000000000000000e+00
-2.089999999999999636e-01,0.000000000000000000e+00
-2.079999999999999627e-01,0.000000000000000000e+00
-2.069999999999999618e-01,0.000000000000000000e+00
-2.059999999999999609e-01,0.000000000000000000e+00
-2.049999999999999600e-01,0.000000000000000000e+00
-2.039999999999999591e-01,0.000000000000000000e+00
-2.029999999999999583e-01,0.000000000000000000e+00
-2.019999999999999574e-01,0.000000000000000000e+00
-2.009999999999999565e-01,0.000000000000000000e+00
-1.999999999999999556e-01,0.000000000000000000e+00
-1.989999999999999547e-01,0.000000000000000000e+00
-1.979999999999999538e-01,0.000000000000000000e+00
-1.969999999999999529e-01,0.000000000000000000e+00
-1.959999999999999520e-01,0.000000000000000000e+00
-1.949999999999999512e-01,0.000000000000000000e+00
-1.939999999999999503e-01,0.000000000000000000e+00
-1.929999999999999494e-01,0.000000000000000000e+00
-1.919999999999999485e-01,0.000000000000000000e+00
-1.909999999999999476e-01,0.000000000000000000e+00
-1.899999999999999467e-01,0.000000000000000000e+00
-1.889999999999999458e-01,0.000000000000000000e+00
-1.879999999999999449e-01,0.000000000000000000e+00
-1.869999999999999440e-01,0.000000000000000000e+00
-1.859999999999999432e-01,0.000000000000000000e+00
-1.849999999999999423e-01,0.000000000000000000e+00
-1.839999999999999414e-01,0.000000000000000000e+00
-1.829999999999999405e-01,0.000000000000000000e+00
-1.819999999999999396e-01,0.000000000000000000e+00
-1.809999999999999387e-01,0.000000000000000000e+00
-1.799999999999999378e-01,0.000000000000000000e+00
-1.789999999999999369e-01,0.000000000000000000e+00
-1.779999999999999361e-01,0.000000000000000000e+00
-1.769999999999999352e-01,0.000000000000000000e+00
-1.759999999999999343e-01,0.000000000000000000e+00
-1.749999999999999334e-01,0.000000000000000000e+00
-1.739999999999999325e-01,0.000000000000000000e+00
-1.729999999999999316e-01,0.000000000000000000e+00
-1.719999999999999307e-01,0.000000000000000000e+00
-1.709999999999999298e-01,0.000000000000000000e+00
-1.699999999999999289e-01,0.000000000000000000e+00
-1.689999999999999281e-01,0.000000000000000000e+00
-1.679999999999999272e-01,0.000000000000000000e+00
-1.669999999999999263e-01,0.000000000000000000e+00
-1.659999999999999254e-01,0.000000000000000000e+00
-1.649999999999999245e-01,0.000000000000000000e+00
-1.639999999999999236e-01,0.000000000000000000e+00
-1.629999999999999227e-01,0.000000000000000000e+00
-1.619999999999999218e-01,0.000000000000000000e+00
-1.609999999999999210e-01,0.000000000000000000e+00
-1.599999999999999201e-01,0.000000000000000000e+00
-1.589999999999999192e-01,0.000000000000000000e+00
-1.579999999999999183e-01,0.000000000000000000e+00
-1.569999999999999174e-01,0.000000000000000000e+00
-1.559999999999999165e-01,0.000000000000000000e+00
-1.549999999999999156e-01,0.000000000000000000e+00
-1.539999999999999147e-01,0.000000000000000000e+00
-1.529999999999999138e-01,0.000000000000000000e+00
-1.519999999999999130e-01,0.000000000000000000e+00
-1.509999999999999121e-01,0.000000000000000000e+00
-1.499999999999999112e-01,0.000000000000000000e+00
-1.489999999999999103e-01,0.000000000000000000e+00
-1.479999999999999094e-01,0.000000000000000000e+00
-1.469999999999999085e-01,0.000000000000000000e+00
-1.459999999999999076e-01,0.000000000000000000e+00
-1.449999999999999067e-01,0.000000000000000000e+00
-1.439999999999999059e-01,0.000000000000000000e+00
-1.429999999999999050e-01,0.000000000000000000e+00
-1.419999999999999041e-01,0.000000000000000000e+00
-1.409999999999999032e-01,0.000000000000000000e+00
-1.399999999999999023e-01,0.000000000000000000e+00
-1.389999999999999014e-01,0.000000000000000000e+00
-1.379999999999999005e-01,0.000000000000000000e+00
-1.369999999999998996e-01,0.000000000000000000e+00
-1.359999999999998987e-01,0.000000000000000000e+00
-1.349999999999998979e-01,0.000000000000000000e+00
-1.339999999999998970e-01,0.000000000000000000e+00
-1.329999999999998961e-01,0.000000000000000000e+00
-1.319999999999998952e-01,0.000000000000000000e+00
-1.309999999999998943e-01,0.000000000000000000e+00
-1.299999999999998934e-01,0.000000000000000000e+00
-1.289999999999998925e-01,0.000000000000000000e+00
-1.279999999999998916e-01,0.000000000000000000e+00
-1.269999999999998908e-01,0.000000000000000000e+00
-1.259999999999998899e-01,0.000000000000000000e+00
-1.249999999999998890e-01,0.000000000000000000e+00
-1.239999999999998881e-01,0.000000000000000000e+00
-1.229999999999998872e-01,0.000000000000000000e+00
-1.219999999999998863e-01,0.000000000000000000e+00
-1.209999999999998854e-01,0.000000000000000000e+00
-1.199999999999998845e-01,0.000000000000000000e+00
-1.189999999999998836e-01,0.000000000000000000e+00
-1.179999999999998828e-01,0.000000000000000000e+00
-1.169999999999998819e-01,0.000000000000000000e+00
-1.159999999999998810e-01,0.000000000000000000e+00
-1.149999999999998801e-01,0.000000000000000000e+00
-1.139999999999998792e-01,0.000000000000000000e+00
-1.129999999999998783e-01,0.000000000000000000e+00
-1.119999999999998774e-01,0.000000000000000000e+00
-1.109999999999998765e-01,0.000000000000000000e+00
-1.099999999999998757e-01,0.000000000000000000e+00
-1.089999999999998748e-01,0.000000000000000000e+00
-1.079999999999998739e-01,0.000000000000000000e+00
-1.069999999999998730e-01,0.000000000000000000e+00
-1.059999999999998721e-01,0.000000000000000000e+00
-1.049999999999998712e-01,0.000000000000000000e+00
-1.039999999999998703e-01,0.000000000000000000e+00
-1.029999999999998694e-01,0.000000000000000000e+00
-1.019999999999998685e-01,0.000000000000000000e+00
-1.009999999999998677e-01,0.000000000000000000e+00
-9.999999999999986677e-02,0.000000000000000000e+00
-9.899999999999986589e-02,0.000000000000000000e+00
-9.799999999999986500e-02,0.000000000000000000e+00
-9.699999999999986411e-02,0.000000000000000000e+00
-9.599999999999986322e-02,0.000000000000000000e+00
-9.499999999999986233e-02,0.000000000000000000e+00
-9.399999999999986144e-02,0.000000000000000000e+00
-9.299999999999986056e-02,0.000000000000000000e+00
-9.199999999999985967e-02,0.000000000000000000e+00
-9.099999999999985878e-02,0.000000000000000000e+00
-8.999999999999985789e-02,0.000000000000000000e+00
-8.899999999999985700e-02,0.000000000000000000e+00
-8.799999999999985612e-02,0.000000000000000000e+00
-8.699999999999985523e-02,0.000000000000000000e+00
-8.599999999999985434e-02,0.000000000000000000e+00
-8.499999999999985345e-02,0.000000000000000000e+00
-8.399999999999985256e-02,0.000000000000000000e+00
-8.299999999999985167e-02,0.000000000000000000e+00
-8.199999999999985079e-02,0.000000000000000000e+00
-8.099999999999984990e-02,0.000000000000000000e+00
-7.999999999999984901e-02,0.000000000000000000e+00
-7.899999999999984812e-02,0.000000000000000000e+00
-7.799999999999984723e-02,0.000000000000000000e+00
-7.699999999999984635e-02,0.000000000000000000e+00
-7.599999999999984546e-02,0.000000000000000000e+00
-7.499999999999984457e-02,0.000000000000000000e+00
-7.399999999999984368e-02,0.000000000000000000e+00
-7.299999999999984279e-02,0.000000000000000000e+00
-7.199999999999984190e-02,0.000000000000000000e+00
-7.099999999999984102e-02,0.000000000000000000e+00
-6.999999999999984013e-02,0.000000000000000000e+00
-6.899999999999983924e-02,0.000000000000000000e+00
-6.799999999999983835e-02,0.000000000000000000e+00
-6.699999999999983746e-02,0.000000000000000000e+00
-6.599999999999983658e-02,0.000000000000000000e+00
-6.499999999999983569e-02,0.000000000000000000e+00
-6.399999999999983480e-02,0.000000000000000000e+00
-6.299999999999983391e-02,0.000000000000000000e+00
-6.199999999999983302e-02,0.000000000000000000e+00
-6.099999999999983213e-02,0.000000000000000000e+00
-5.999999999999983125e-02,0.000000000000000000e+00
-5.899999999999983036e-02,0.000000000000000000e+00
-5.799999999999982947e-02,0.000000000000000000e+00
-5.699999999999982858e-02,0.000000000000000000e+00
-5.599999999999982769e-02,0.000000000000000000e+00
-5.499999999999982681e-02,0.000000000000000000e+00
-5.399999999999982592e-02,0.000000000000000000e+00
-5.299999999999982503e-02,0.000000000000000000e+00
-5.199999999999982414e-02,0.000000000000000000e+00
-5.099999999999982325e-02,0.000000000000000000e+00
-4.999999999999982236e-02,0.000000000000000000e+00
-4.899999999999982148e-02,0.000000000000000000e+00
-4.799999999999982059e-02,0.000000000000000000e+00
-4.699999999999981970e-02,0.000000000000000000e+00
-4.599999999999981881e-02,0.000000000000000000e+00
-4.499999999999981792e-02,0.000000000000000000e+00
-4.399999999999981704e-02,0.000000000000000000e+00
-4.299999999999981615e-02,0.000000000000000000e+00
-4.199999999999981526e-02,0.000000000000000000e+00
-4.099999999999981437e-02,0.000000000000000000e+00
-3.999999999999981348e-02,0.000000000000000000e+00
-3.899999999999981259e-02,0.000000000000000000e+00
-3.799999999999981171e-02,0.000000000000000000e+00
-3.699999999999981082e-02,0.000000000000000000e+00
-3.599999999999980993e-02,0.000000000000000000e+00
-3.499999999999980904e-02,0.000000000000000000e+00
-3.399999999999980815e-02,0.000000000000000000e+00
-3.299999999999980727e-02,0.000000000000000000e+00
-3.199999999999980638e-02,0.000000000000000000e+00
-3.099999999999980549e-02,0.000000000000000000e+00
-2.999999999999980460e-02,0.000000000000000000e+00
-2.899999999999980371e-02,0.000000000000000000e+00
-2.799999999999980282e-02,0.000000000000000000e+00
-2.699999999999980194e-02,0.000000000000000000e+00
-2.599999999999980105e-02,0.000000000000000000e+00
-2.499999999999980016e-02,0.000000000000000000e+00
-2.399999999999979927e-02,0.000000000000000000e+00
-2.299999999999979838e-02,0.000000000000000000e+00
-2.199999999999979750e-02,0.000000000000000000e+00
-2.099999999999979661e-02,0.000000000000000000e+00
-1.999999999999979572e-02,0.000000000000000000e+00
-1.899999999999979483e-02,0.000000000000000000e+00
-1.799999999999979394e-02,0.000000000000000000e+00
-1.699999999999979305e-02,0.000000000000000000e+00
-1.599999999999979217e-02,0.000000000000000000e+00
-1.499999999999979128e-02,0.000000000000000000e+00
-1.399999999999979039e-02,0.000000000000000000e+00
-1.299999999999978950e-02,0.000000000000000000e+00
-1.199999999999978861e-02,0.000000000000000000e+00
-1.099999999999978773e-02,0.000000000000000000e+00
-9.999999999999786837e-03,0.000000000000000000e+00
-8.999999999999785949e-03,0.000000000000000000e+00
-7.999999999999785061e-03,0.000000000000000000e+00
-6.999999999999784173e-03,0.000000000000000000e+00
-5.999999999999783284e-03,2.265584775792915950e-01
-4.999999999999782396e-03,2.744304387733747852e+00
-3.999999999999781508e-03,5.295877040318421436e+00
-2.999999999999780620e-03,6.772180690347711085e+00
-1.999999999999779732e-03,7.085471371820921682e+00
-9.999999999997788436e-04,3.576432272798166778e+00
2.220446049250313081e-16,1.959407527187848386e+00
1.000000000000222933e-03,1.959671835690203201e+00
2.000000000000223821e-03,9.253045833357942840e+00
3.000000000000224709e-03,1.219337913411136043e+01
4.000000000000225597e-03,4.316969534565271438e+00
5.000000000000226485e-03,2.903801977536551397e-03
6.000000000000227374e-03,0.000000000000000000e+00
7.000000000000228262e-03,0.000000000000000000e+00
8.000000000000229150e-03,0.000000000000000000e+00
9.000000000000230038e-03,0.000000000000000000e+00
1.000000000000023093e-02,0.000000000000000000e+00
1.100000000000023181e-02,0.000000000000000000e+00
1.200000000000023270e-02,0.000000000000000000e+00
1.300000000000023359e-02,0.000000000000000000e+00
1.400000000000023448e-02,0.000000000000000000e+00
1.500000000000023537e-02,0.000000000000000000e+00
1.600000000000023626e-02,0.000000000000000000e+00
1.700000000000023714e-02,0.000000000000000000e+00
1.800000000000023803e-02,0.000000000000000000e+00
1.900000000000023892e-02,0.000000000000000000e+00
2.000000000000023981e-02,0.000000000000000000e+00
2.100000000000024070e-02,0.000000000000000000e+00
2.200000000000024158e-02,0.000000000000000000e+00
2.300000000000024247e-02,0.000000000000000000e+00
2.400000000000024336e-02,0.000000000000000000e+00
2.500000000000024425e-02,0.000000000000000000e+00
2.600000000000024514e-02,0.000000000000000000e+00
2.700000000000024603e-02,0.000000000000000000e+00
2.800000000000024691e-02,0.000000000000000000e+00
2.900000000000024780e-02,0.000000000000000000e+00
3.000000000000024869e-02,0.000000000000000000e+00
3.100000000000024958e-02,0.000000000000000000e+00
3.200000000000025047e-02,0.000000000000000000e+00
3.300000000000025135e-02,0.000000000000000000e+00
3.400000000000025224e-02,0.000000000000000000e+00
3.500000000000025313e-02,0.000000000000000000e+00
3.600000000000025402e-02,0.000000000000000000e+00
3.700000000000025491e-02,0.000000000000000000e+00
3.800000000000025580e-02,0.000000000000000000e+00
3.900000000000025668e-02,0.000000000000000000e+00
4.000000000000025757e-02,0.000000000000000000e+00
4.100000000000025846e-02,0.000000000000000000e+00
4.200000000000025935e-02,0.000000000000000000e+00
4.300000000000026024e-02,0.000000000000000000e+00
4.400000000000026112e-02,0.000000000000000000e+00
4.500000000000026201e-02,0.000000000000000000e+00
4.600000000000026290e-02,0.000000000000000000e+00
4.700000000000026379e-02,0.000000000000000000e+00
4.800000000000026468e-02,0.000000000000000000e+00
4.900000000000026557e-02,0.000000000000000000e+00
5.000000000000026645e-02,0.000000000000000000e+00
5.100000000000026734e-02,0.000000000000000000e+00
5.200000000000026823e-02,0.000000000000000000e+00
5.300000000000026912e-02,0.000000000000000000e+00
5.400000000000027001e-02,0.000000000000000000e+00
5.500000000000027089e-02,0.000000000000000000e+00
5.600000000000027178e-02,0.000000000000000000e+00
5.700000000000027267e-02,0.000000000000000000e+00
5.800000000000027356e-02,0.000000000000000000e+00
5.900000000000027445e-02,0.000000000000000000e+00
6.000000000000027534e-02,0.000000000000000000e+00
6.100000000000027622e-02,0.000000000000000000e+00
6.200000000000027711e-02,0.000000000000000000e+00
6.300000000000027800e-02,0.000000000000000000e+00
6.400000000000027889e-02,0.000000000000000000e+00
6.500000000000027978e-02,0.000000000000000000e+00
6.600000000000028066e-02,0.000000000000000000e+00
6.700000000000028155e-02,0.000000000000000000e+00
6.800000000000028244e-02,0.000000000000000000e+00
6.900000000000028333e-02,0.000000000000000000e+00
7.000000000000028422e-02,0.000000000000000000e+00
7.100000000000028511e-02,0.000000000000000000e+00
7.200000000000028599e-02,0.000000000000000000e+00
7.300000000000028688e-02,0.000000000000000000e+00
7.400000000000028777e-02,0.000000000000000000e+00
7.500000000000028866e-02,0.000000000000000000e+00
7.600000000000028955e-02,0.000000000000000000e+00
7.700000000000029043e-02,0.000000000000000000e+00
7.800000000000029132e-02,0.000000000000000000e+00
7.900000000000029221e-02,0.000000000000000000e+00
8.000000000000029310e-02,0.000000000000000000e+00
8.100000000000029399e-02,0.000000000000000000e+00
8.200000000000029488e-02,0.000000000000000000e+00
8.300000000000029576e-02,0.000000000000000000e+00
8.400000000000029665e-02,0.000000000000000000e+00
8.500000000000029754e-02,0.000000000000000000e+00
8.600000000000029843e-02,0.000000000000000000e+00
8.700000000000029932e-02,0.000000000000000000e+00
8.800000000000030020e-02,0.000000000000000000e+00
8.900000000000030109e-02,0.000000000000000000e+00
9.000000000000030198e-02,0.000000000000000000e+00
9.100000000000030287e-02,0.000000000000000000e+00
9.200000000000030376e-02,0.000000000000000000e+00
9.300000000000030465e-02,0.000000000000000000e+00
9.400000000000030553e-02,0.000000000000000000e+00
9.500000000000030642e-02,0.000000000000000000e+00
9.600000000000030731e-02,0.000000000000000000e+00
9.700000000000030820e-02,0.000000000000000000e+00
9.800000000000030909e-02,0.000000000000000000e+00
9.900000000000030997e-02,0.000000000000000000e+00
1.000000000000003109e-01,0.000000000000000000e+00
1.010000000000003118e-01,0.000000000000000000e+00
1.020000000000003126e-01,0.000000000000000000e+00
1.030000000000003135e-01,0.000000000000000000e+00
1.040000000000003144e-01,0.000000000000000000e+00
1.050000000000003153e-01,0.000000000000000000e+00
1.060000000000003162e-01,0.000000000000000000e+00
1.070000000000003171e-01,0.000000000000000000e+00
1.080000000000003180e-01,0.000000000000000000e+00
1.090000000000003189e-01,0.000000000000000000e+00
1.100000000000003197e-01,0.000000000000000000e+00
1.110000000000003206e-01,0.000000000000000000e+00
1.120000000000003215e-01,0.000000000000000000e+00
1.130000000000003224e-01,0.000000000000000000e+00
1.140000000000003233e-01,0.000000000000000000e+00
1.150000000000003242e-01,0.000000000000000000e+00
1.160000000000003251e-01,0.000000000000000000e+00
1.170000000000003260e-01,0.000000000000000000e+00
1.180000000000003268e-01,0.000000000000000000e+00
1.190000000000003277e-01,0.000000000000000000e+00
1.200000000000003286e-01,0.000000000000000000e+00
1.210000000000003295e-01,0.000000000000000000e+00
1.220000000000003304e-01,0.000000000000000000e+00
1.230000000000003313e-01,0.000000000000000000e+00
1.240000000000003322e-01,0.000000000000000000e+00
1.250000000000003331e-01,0.000000000000000000e+00
1.260000000000003340e-01,0.000000000000000000e+00
1.270000000000003348e-01,0.000000000000000000e+00
1.280000000000003357e-01,0.000000000000000000e+00
1.290000000000003366e-01,0.000000000000000000e+00
1.300000000000003375e-01,0.000000000000000000e+00
1.310000000000003384e-01,0.000000000000000000e+00
1.320000000000003393e-01,0.000000000000000000e+00
1.330000000000003402e-01,0.000000000000000000e+00
1.340000000000003411e-01,0.000000000000000000e+00
1.350000000000003419e-01,0.000000000000000000e+00
1.360000000000003428e-01,0.000000000000000000e+00
1.370000000000003437e-01,0.000000000000000000e+00
1.380000000000003446e-01,0.000000000000000000e+00
1.390000000000003455e-01,0.000000000000000000e+00
1.400000000000003464e-01,0.000000000000000000e+00
1.410000000000003473e-01,0.000000000000000000e+00
1.420000000000003482e-01,0.000000000000000000e+00
1.430000000000003491e-01,0.000000000000000000e+00
1.440000000000003499e-01,0.000000000000000000e+00
1.450000000000003508e-01,0.000000000000000000e+00
1.460000000000003517e-01,0.000000000000000000e+00
1.470000000000003526e-01,0.000000000000000000e+00
1.480000000000003535e-01,0.000000000000000000e+00
1.490000000000003544e-01,0.000000000000000000e+00
1.500000000000003553e-01,0.000000000000000000e+00
1.510000000000003562e-01,0.000000000000000000e+00
1.520000000000003570e-01,0.000000000000000000e+00
1.530000000000003579e-01,0.000000000000000000e+00
1.540000000000003588e-01,0.000000000000000000e+00
1.550000000000003597e-01,0.000000000000000000e+00
1.560000000000003606e-01,0.000000000000000000e+00
1.570000000000003615e-01,0.000000000000000000e+00
1.580000000000003624e-01,0.000000000000000000e+00
1.590000000000003633e-01,0.000000000000000000e+00
1.600000000000003642e-01,0.000000000000000000e+00
1.610000000000003650e-01,0.000000000000000000e+00
1.620000000000003659e-01,0.000000000000000000e+00
1.630000000000003668e-01,0.000000000000000000e+00
1.640000000000003677e-01,0.000000000000000000e+00
1.650000000000003686e-01,0.000000000000000000e+00
1.660000000000003695e-01,0.000000000000000000e+00
1.670000000000003704e-01,0.000000000000000000e+00
1.680000000000003713e-01,0.000000000000000000e+00
1.690000000000003721e-01,0.000000000000000000e+00
1.700000000000003730e-01,0.000000000000000000e+00
1.710000000000003739e-01,0.000000000000000000e+00
1.720000000000003748e-01,0.000000000000000000e+00
1.730000000000003757e-01,0.000000000000000000e+00
1.740000000000003766e-01,0.000000000000000000e+00
1.750000000000003775e-01,0.000000000000000000e+00
1.760000000000003784e-01,0.000000000000000000e+00
1.770000000000003793e-01,0.000000000000000000e+00
1.780000000000003801e-01,0.000000000000000000e+00
1.790000000000003810e-01,0.000000000000000000e+00
1.800000000000003819e-01,0.000000000000000000e+00
1.810000000000003828e-01,0.000000000000000000e+00
1.820000000000003837e-01,0.000000000000000000e+00
1.830000000000003846e-01,0.000000000000000000e+00
1.840000000000003855e-01,0.000000000000000000e+00
1.850000000000003864e-01,0.000000000000000000e+00
1.860000000000003872e-01,0.000000000000000000e+00
1.870000000000003881e-01,0.000000000000000000e+00
1.880000000000003890e-01,0.000000000000000000e+00
1.890000000000003899e-01,0.000000000000000000e+00
1.900000000000003908e-01,0.000000000000000000e+00
1.910000000000003917e-01,0.000000000000000000e+00
1.920000000000003926e-01,0.000000000000000000e+00
1.930000000000003935e-01,0.000000000000000000e+00
1.940000000000003944e-01,0.000000000000000000e+00
1.950000000000003952e-01,0.000000000000000000e+00
1.960000000000003961e-01,0.000000000000000000e+00
1.970000000000003970e-01,0.000000000000000000e+00
1.980000000000003979e-01,0.000000000000000000e+00
1.990000000000003988e-01,0.000000000000000000e+00
2.000000000000003997e-01,0.000000000000000000e+00
2.010000000000004006e-01,0.000000000000000000e+00
2.020000000000004015e-01,0.000000000000000000e+00
2.030000000000004023e-01,0.000000000000000000e+00
2.040000000000004032e-01,0.000000000000000000e+00
2.050000000000004041e-01,0.000000000000000000e+00
2.060000000000004050e-01,0.000000000000000000e+00
2.070000000000004059e-01,0.000000000000000000e+00
2.080000000000004068e-01,0.000000000000000000e+00
2.090000000000004077e-01,0.000000000000000000e+00
2.100000000000004086e-01,0.000000000000000000e+00
2.110000000000004095e-01,0.000000000000000000e+00
2.120000000000004103e-01,0.000000000000000000e+00
2.130000000000004112e-01,0.000000000000000000e+00
2.140000000000004121e-01,0.000000000000000000e+00
2.150000000000004130e-01,0.000000000000000000e+00
2.160000000000004139e-01,0.000000000000000000e+00
2.170000000000004148e-01,0.000000000000000000e+00
2.180000000000004157e-01,0.000000000000000000e+00
2.190000000000004166e-01,0.000000000000000000e+00
2.200000000000004174e-01,0.000000000000000000e+00
2.210000000000004183e-01,0.000000000000000000e+00
2.220000000000004192e-01,0.000000000000000000e+00
2.230000000000004201e-01,0.000000000000000000e+00
2.240000000000004210e-01,0.000000000000000000e+00
2.250000000000004219e-01,0.000000000000000000e+00
2.260000000000004228e-01,0.000000000000000000e+00
2.270000000000004237e-01,0.000000000000000000e+00
2.280000000000004245e-01,0.000000000000000000e+00
2.290000000000004254e-01,0.000000000000000000e+00
2.300000000000004263e-01,0.000000000000000000e+00
2.310000000000004272e-01,0.000000000000000000e+00
2.320000000000004281e-01,0.000000000000000000e+00
2.330000000000004290e-01,0.000000000000000000e+00
2.340000000000004299e-01,0.000000000000000000e+00
2.350000000000004308e-01,0.000000000000000000e+00
2.360000000000004317e-01,0.000000000000000000e+00
2.370000000000004325e-01,0.000000000000000000e+00
2.380000000000004334e-01,0.000000000000000000e+00
2.390000000000004343e-01,0.000000000000000000e+00
2.400000000000004352e-01,0.000000000000000000e+00
2.410000000000004361e-01,0.000000000000000000e+00
2.420000000000004370e-01,0.000000000000000000e+00
2.430000000000004379e-01,0.000000000000000000e+00
2.440000000000004388e-01,0.000000000000000000e+00
2.450000000000004396e-01,0.000000000000000000e+00
2.460000000000004405e-01,0.000000000000000000e+00
2.470000000000004414e-01,0.000000000000000000e+00
2.480000000000004423e-01,0.000000000000000000e+00
2.490000000000004432e-01,0.000000000000000000e+00
2.500000000000004441e-01,0.000000000000000000e+00
