1.964774022792370012e+00,2.640639777190350035e-01,2.640595026378619870e-01,3.531907506237885741e-05,9.817521315162971995e-02,3.597555220769343238e-04,1.000000000000000000e+00
1.688767838775629970e+00,2.817305843240709984e-01,1.033709898342370037e+00,1.511629944619050092e-03,3.926980523209102625e-01,3.849344135233337318e-03,1.000000000000000000e+00
1.688767838775629970e+00,1.033714373423539890e+00,2.817261092428979818e-01,1.125318572024996966e-03,3.926980523209102625e-01,2.865607724240490980e-03,1.000000000000000000e+00
1.844013712097759994e+00,5.474745243183259946e-01,5.474700492371530336e-01,1.368490603622999008e-03,3.926980523209102625e-01,3.484841841040447596e-03,1.000000000000000000e+00
2.639759474768739733e-01,1.964862053034529987e+00,2.640595026378619870e-01,6.948315409591038216e-04,2.945256394548891876e-01,2.359154680879751477e-03,1.000000000000000000e+00
1.033626343181379914e+00,1.688855869017789946e+00,2.817261092428979818e-01,1.005711919206078936e-03,3.926980523209102625e-01,2.561031085492162900e-03,1.000000000000000000e+00
2.816425540819100237e-01,1.688855869017789946e+00,1.033709898342370037e+00,1.366815615793854017e-03,3.926980523209102625e-01,3.480576508377742663e-03,1.000000000000000000e+00
5.473864940761650200e-01,1.844101742339919969e+00,5.474700492371530336e-01,1.193913477818469909e-03,3.926980523209102625e-01,3.040283675363919698e-03,1.000000000000000000e+00
1.354936429627110028e+00,5.727172191576069826e-01,1.355019984788099929e+00,1.176514904305814020e-04,9.817521315162971995e-02,1.198382836703098956e-03,1.000000000000000000e+00
1.354936429627110028e+00,1.355024459869270004e+00,5.727127440764340216e-01,1.149184987389210034e-03,3.926980523209102625e-01,2.926383211216193256e-03,1.000000000000000000e+00
5.726291889154460080e-01,1.355024459869270004e+00,1.355019984788099929e+00,7.772625731264359850e-05,9.817521315162971995e-02,7.917095855202972102e-04,1.000000000000000000e+00
1.154641079964739969e+00,1.154729110206899945e+00,1.154724635125730092e+00,8.060147700049979935e-04,2.945256394548891876e-01,2.736654002336698800e-03,1.000000000000000000e+00
-1.033745260010400013e+00,2.817305843240709984e-01,1.688851393936610101e+00,1.668284145589087899e-04,9.817521315162971995e-02,1.699292613719570206e-03,1.000000000000000000e+00
-2.640948643058890211e-01,1.964862053034529987e+00,2.640595026378619870e-01,6.924931164607391595e-06,9.817521315162971995e-02,7.053645153702869106e-05,1.000000000000000000e+00
-2.817614709109260152e-01,1.688855869017789946e+00,1.033709898342370037e+00,1.594199325334306073e-03,3.926980523209102625e-01,4.059605887812086852e-03,1.000000000000000000e+00
-5.475054109051810114e-01,1.844101742339919969e+00,5.474700492371530336e-01,5.811963146002685487e-04,2.945256394548891876e-01,1.973330117119691685e-03,1.000000000000000000e+00
-1.964892939621389889e+00,2.640639777190350035e-01,2.640595026378619870e-01,9.663733085025077996e-04,3.926980523209102625e-01,2.460855873338515729e-03,1.000000000000000000e+00
-1.688886755604640078e+00,1.033714373423539890e+00,2.817261092428979818e-01,6.438033402954568274e-04,2.945256394548891876e-01,2.185899134238411447e-03,1.000000000000000000e+00
-1.688886755604640078e+00,2.817305843240709984e-01,1.033709898342370037e+00,1.005673123303226901e-03,3.926980523209102625e-01,2.560932292277827513e-03,1.000000000000000000e+00
-1.844132628926770101e+00,5.474745243183259946e-01,5.474700492371530336e-01,9.828518115570228364e-04,3.926980523209102625e-01,2.502818146787860482e-03,1.000000000000000000e+00
-5.727481057444619994e-01,1.355024459869270004e+00,1.355019984788099929e+00,1.137657352636392994e-03,3.926980523209102625e-01,2.897028253419262848e-03,1.000000000000000000e+00
-1.355055346456129906e+00,1.355024459869270004e+00,5.727127440764340216e-01,7.609789373396042000e-04,2.945256394548891876e-01,2.583744283682843940e-03,1.000000000000000000e+00
-1.355055346456129906e+00,5.727172191576069826e-01,1.355019984788099929e+00,1.182301126648771950e-03,3.926980523209102625e-01,3.010712988417378784e-03,1.000000000000000000e+00
-1.154759996793760068e+00,1.154729110206899945e+00,1.154724635125730092e+00,1.581702291151939948e-03,3.926980523209102625e-01,4.027782368167650597e-03,1.000000000000000000e+00
-1.033745260010400013e+00,-2.816734406687649850e-01,1.688851393936610101e+00,7.088776311390126983e-04,2.945256394548891876e-01,2.406845232391346522e-03,1.000000000000000000e+00
-2.817614709109260152e-01,-1.033657229768240038e+00,1.688851393936610101e+00,7.693285187534287806e-04,2.945256394548891876e-01,2.612093535141148202e-03,1.000000000000000000e+00
-1.964892939621389889e+00,-2.640068340637289901e-01,2.640595026378619870e-01,6.769268099045405718e-04,2.945256394548891876e-01,2.298362924047641764e-03,1.000000000000000000e+00
-1.688886755604640078e+00,-2.816734406687649850e-01,1.033709898342370037e+00,1.157466406564249938e-03,3.926980523209102625e-01,2.947471727255667698e-03,1.000000000000000000e+00
-1.844132628926770101e+00,-5.474173806630200367e-01,5.474700492371530336e-01,4.622255200054382050e-04,2.945256394548891876e-01,1.569389751129747186e-03,1.000000000000000000e+00
-2.640948643058890211e-01,-1.964804909379229914e+00,2.640595026378619870e-01,-4.139743131807079881e-04,9.817521315162971995e-02,-4.216688712876361794e-03,1.000000000000000000e+00
-2.817614709109260152e-01,-1.688798725362480102e+00,1.033709898342370037e+00,1.235258780262940993e-03,3.926980523209102625e-01,3.145568899469599559e-03,1.000000000000000000e+00
-5.475054109051810114e-01,-1.844044598684609904e+00,5.474700492371530336e-01,-6.607796645733410301e-04,9.817521315162971995e-02,-6.730616042083653432e-03,1.000000000000000000e+00
-1.355055346456129906e+00,-5.726600755023010247e-01,1.355019984788099929e+00,1.546966076516248945e-03,3.926980523209102625e-01,3.939327092083661289e-03,1.000000000000000000e+00
-5.727481057444619994e-01,-1.354967316213969930e+00,1.355019984788099929e+00,1.648906480240657901e-03,3.926980523209102625e-01,4.198916878999904567e-03,1.000000000000000000e+00
-1.154759996793760068e+00,-1.154671966551600093e+00,1.154724635125730092e+00,1.048517498844963930e-03,2.945256394548891876e-01,3.560021126804341785e-03,1.000000000000000000e+00
2.816425540819100237e-01,-1.033657229768240038e+00,1.688851393936610101e+00,1.396097240644809099e-04,9.817521315162971995e-02,1.422046559235439584e-03,1.000000000000000000e+00
2.639759474768739733e-01,-1.964804909379229914e+00,2.640595026378619870e-01,8.805381017427671431e-04,3.926980523209102625e-01,2.242277741228003874e-03,1.000000000000000000e+00
2.816425540819100237e-01,-1.688798725362480102e+00,1.033709898342370037e+00,1.149859107042628054e-03,3.926980523209102625e-01,2.928099847317222441e-03,1.000000000000000000e+00
1.033626343181379914e+00,-1.688798725362480102e+00,2.817261092428979818e-01,1.047450373560492986e-03,3.926980523209102625e-01,2.667317465339816372e-03,1.000000000000000000e+00
5.473864940761650200e-01,-1.844044598684609904e+00,5.474700492371530336e-01,9.346779717366998641e-04,3.926980523209102625e-01,2.380144149461905796e-03,1.000000000000000000e+00
1.964774022792370012e+00,-2.640068340637289901e-01,2.640595026378619870e-01,-3.489727888799643019e-04,9.817521315162971995e-02,-3.554591608993836003e-03,1.000000000000000000e+00
1.688767838775629970e+00,-1.033657229768240038e+00,2.817261092428979818e-01,6.177263718541159410e-04,1.963504263032594399e-01,3.146040390561971340e-03,1.000000000000000000e+00
1.688767838775629970e+00,-2.816734406687649850e-01,1.033709898342370037e+00,1.584779017027207037e-03,3.926980523209102625e-01,4.035617206810427314e-03,1.000000000000000000e+00
1.844013712097759994e+00,-5.474173806630200367e-01,5.474700492371530336e-01,1.128481629378035988e-03,2.945256394548891876e-01,3.831522550860564594e-03,1.000000000000000000e+00
5.726291889154460080e-01,-1.354967316213969930e+00,1.355019984788099929e+00,1.156265502155862102e-03,3.926980523209102625e-01,2.944413641275127943e-03,1.000000000000000000e+00
1.354936429627110028e+00,-1.354967316213969930e+00,5.727127440764340216e-01,1.191394952099078964e-03,3.926980523209102625e-01,3.033870285471848560e-03,1.000000000000000000e+00
1.354936429627110028e+00,-5.726600755023010247e-01,1.355019984788099929e+00,7.760076938479326669e-04,2.945256394548891876e-01,2.634771272491505216e-03,1.000000000000000000e+00
1.154641079964739969e+00,-1.154671966551600093e+00,1.154724635125730092e+00,1.327645557363435046e-03,3.926980523209102625e-01,3.380830512188259720e-03,1.000000000000000000e+00
2.639759474768739733e-01,2.640639777190350035e-01,-1.964809384460399988e+00,9.473623898710314961e-04,3.926980523209102625e-01,2.412444839672525654e-03,1.000000000000000000e+00
1.033626343181379914e+00,2.817305843240709984e-01,-1.688803200443649954e+00,2.395572713191628920e-06,9.817521315162971995e-02,2.440099324756966141e-05,1.000000000000000000e+00
2.816425540819100237e-01,1.033714373423539890e+00,-1.688803200443649954e+00,1.020705670714925012e-03,2.945256394548891876e-01,3.465591900943009937e-03,1.000000000000000000e+00
5.473864940761650200e-01,5.474745243183259946e-01,-1.844049073765789970e+00,1.419592671858885052e-03,3.926980523209102625e-01,3.614972530341971878e-03,1.000000000000000000e+00
1.688767838775629970e+00,1.033714373423539890e+00,-2.816779157499380015e-01,5.351710089875477694e-04,2.945256394548891876e-01,1.817060850722698566e-03,1.000000000000000000e+00
2.639759474768739733e-01,1.964862053034529987e+00,-2.640113091449010074e-01,8.568978280686610771e-05,9.817521315162971995e-02,8.728250243217694580e-04,1.000000000000000000e+00
1.033626343181379914e+00,1.688855869017789946e+00,-2.816779157499380015e-01,1.219528129121904897e-03,3.926980523209102625e-01,3.105511020271917427e-03,1.000000000000000000e+00
2.816425540819100237e-01,1.688855869017789946e+00,-1.033661704849409890e+00,-5.634261164741416472e-04,9.817521315162971995e-02,-5.738985415839544489e-03,1.000000000000000000e+00
5.473864940761650200e-01,1.844101742339919969e+00,-5.474218557441929978e-01,5.507173068621390444e-04,2.945256394548891876e-01,1.869845042629944901e-03,1.000000000000000000e+00
1.354936429627110028e+00,5.727172191576069826e-01,-1.354971791295140005e+00,-6.582083764493998346e-04,9.817521315162971995e-02,-6.704425234430708321e-03,1.000000000000000000e+00
1.354936429627110028e+00,1.355024459869270004e+00,-5.726645505834739858e-01,1.277607184279314079e-03,3.926980523209102625e-01,3.253408507448521739e-03,1.000000000000000000e+00
5.726291889154460080e-01,1.355024459869270004e+00,-1.354971791295140005e+00,1.136215475016396975e-03,2.945256394548891876e-01,3.857781200710794570e-03,1.000000000000000000e+00
1.154641079964739969e+00,1.154729110206899945e+00,-1.154676441632769945e+00,1.630604069180238919e-03,3.926980523209102625e-01,4.152310049777684781e-03,1.000000000000000000e+00
-2.640948643058890211e-01,2.640639777190350035e-01,-1.964809384460399988e+00,8.878300153248100401e-04,3.926980523209102625e-01,2.260846495360973110e-03,1.000000000000000000e+00
-2.817614709109260152e-01,1.033714373423539890e+00,-1.688803200443649954e+00,1.007262360464910972e-05,9.817521315162971995e-02,1.025984388655427389e-04,1.000000000000000000e+00
-1.033745260010400013e+00,2.817305843240709984e-01,-1.688803200443649954e+00,1.164078425190797966e-03,3.926980523209102625e-01,2.964309138563082924e-03,1.000000000000000000e+00
-5.475054109051810114e-01,5.474745243183259946e-01,-1.844049073765789970e+00,7.212485071195207098e-04,3.926980523209102625e-01,1.836649056079659890e-03,1.000000000000000000e+00
-1.964892939621389889e+00,2.640639777190350035e-01,-2.640113091449010074e-01,1.292401065377978952e-03,3.926980523209102625e-01,3.291080915068652409e-03,1.000000000000000000e+00
-1.688886755604640078e+00,1.033714373423539890e+00,-2.816779157499380015e-01,6.754970317670999647e-04,9.817521315162971995e-02,6.880525237300048717e-03,1.000000000000000000e+00
-1.688886755604640078e+00,2.817305843240709984e-01,-1.033661704849409890e+00,1.531744992166503066e-03,3.926980523209102625e-01,3.900566817466085117e-03,1.000000000000000000e+00
-1.844132628926770101e+00,5.474745243183259946e-01,-5.474218557441929978e-01,7.147857751561570439e-04,2.945256394548891876e-01,2.426905095526111795e-03,1.000000000000000000e+00
-1.355055346456129906e+00,5.727172191576069826e-01,-1.354971791295140005e+00,1.261346384361858037e-04,9.817521315162971995e-02,1.284791083074841899e-03,1.000000000000000000e+00
-2.640948643058890211e-01,-2.640068340637289901e-01,-1.964809384460399988e+00,7.457792635877716347e-04,3.926980523209102625e-01,1.899116278219596839e-03,1.000000000000000000e+00
-1.033745260010400013e+00,-2.816734406687649850e-01,-1.688803200443649954e+00,1.271115127066693934e-03,3.926980523209102625e-01,3.236876576173968421e-03,1.000000000000000000e+00
-2.817614709109260152e-01,-1.033657229768240038e+00,-1.688803200443649954e+00,1.219704134905686072e-03,3.926980523209102625e-01,3.105959216494794031e-03,1.000000000000000000e+00
-5.475054109051810114e-01,-5.474173806630200367e-01,-1.844049073765789970e+00,9.143721695573925334e-04,3.926980523209102625e-01,2.328435713274619283e-03,1.000000000000000000e+00
-1.964892939621389889e+00,-2.640068340637289901e-01,-2.640113091449010074e-01,7.652997564556729415e-04,2.945256394548891876e-01,2.598414718229954089e-03,1.000000000000000000e+00
-1.688886755604640078e+00,-2.816734406687649850e-01,-1.033661704849409890e+00,1.046784698909702938e-03,2.945256394548891876e-01,3.554137768267312363e-03,1.000000000000000000e+00
-1.844132628926770101e+00,-5.474173806630200367e-01,-5.474218557441929978e-01,2.718595795866851779e-04,9.817521315162971995e-02,2.769126451162405838e-03,1.000000000000000000e+00
-2.817614709109260152e-01,-1.688798725362480102e+00,-1.033661704849409890e+00,1.032356555076088020e-04,9.817521315162971995e-02,1.051545010125553041e-03,1.000000000000000000e+00
-1.355055346456129906e+00,-5.726600755023010247e-01,-1.354971791295140005e+00,5.964702669264687618e-04,2.945256394548891876e-01,2.025189616871459885e-03,1.000000000000000000e+00
-5.727481057444619994e-01,-1.354967316213969930e+00,-1.354971791295140005e+00,-1.820627748727945971e-04,1.963504263032594399e-01,-9.272339169338097683e-04,1.000000000000000000e+00
2.639759474768739733e-01,-2.640068340637289901e-01,-1.964809384460399988e+00,8.540106656160367793e-04,3.926980523209102625e-01,2.174726002761391032e-03,1.000000000000000000e+00
2.816425540819100237e-01,-1.033657229768240038e+00,-1.688803200443649954e+00,1.246349081057820940e-03,3.926980523209102625e-01,3.173810192568290740e-03,1.000000000000000000e+00
5.473864940761650200e-01,-5.474173806630200367e-01,-1.844049073765789970e+00,7.322174844535123128e-04,3.926980523209102625e-01,1.864581400712293346e-03,1.000000000000000000e+00
2.639759474768739733e-01,-1.964804909379229914e+00,-2.640113091449010074e-01,7.399127442049013847e-04,3.926980523209102625e-01,1.884177270123686774e-03,1.000000000000000000e+00
2.816425540819100237e-01,-1.688798725362480102e+00,-1.033661704849409890e+00,1.462225919500292903e-03,3.926980523209102625e-01,3.723537488557166365e-03,1.000000000000000000e+00
1.033626343181379914e+00,-1.688798725362480102e+00,-2.816779157499380015e-01,1.227952675331836063e-03,3.926980523209102625e-01,3.126964007268264421e-03,1.000000000000000000e+00
5.473864940761650200e-01,-1.844044598684609904e+00,-5.474218557441929978e-01,1.344182905908597025e-03,3.926980523209102625e-01,3.422942634841844457e-03,1.000000000000000000e+00
5.726291889154460080e-01,-1.354967316213969930e+00,-1.354971791295140005e+00,1.345283039726321911e-03,3.926980523209102625e-01,3.425744109947776242e-03,1.000000000000000000e+00
1.354936429627110028e+00,-1.354967316213969930e+00,-5.726645505834739858e-01,-4.570721037818747945e-04,9.817521315162971995e-02,-4.655677223495667712e-03,1.000000000000000000e+00
-1.939530296348989991e+00,-6.781705549145440326e-01,-4.719769930438427220e-04,-2.278496681292901949e-04,1.244362915890062371e-01,-1.831054792936471403e-03,2.000000000000000000e+00
-1.939530296348989991e+00,-1.021416569983149891e+00,-4.719769930438427220e-04,-3.856989687201287098e-04,1.659141220234721104e-01,-2.324690412221590979e-03,2.000000000000000000e+00
-1.760126283318599993e+00,-1.032899863855220035e+00,4.998007618649900063e-01,-2.756733914527285099e-04,1.244362915890062371e-01,-2.215377748183262885e-03,2.000000000000000000e+00
-1.760126283318599993e+00,-1.521689308841190025e+00,1.101131687902489990e-02,-7.480700372176317392e-04,1.659141220234721104e-01,-4.508778566250082158e-03,2.000000000000000000e+00
-1.861036097276639989e+00,-1.205633418515660082e+00,1.837448715394620069e-01,-5.051383713261144159e-04,1.659141220234721104e-01,-3.044577310029412433e-03,2.000000000000000000e+00
-8.340115879440980207e-01,-2.126935278388040196e+00,-4.719769930438427220e-04,-5.236649433863448111e-04,1.659141220234721104e-01,-3.156240933561165699e-03,2.000000000000000000e+00
-1.334284326802130050e+00,-1.947531265357649977e+00,1.101131687902489990e-02,-8.198054904440116308e-04,1.659141220234721104e-01,-4.941143529229130409e-03,2.000000000000000000e+00
-8.454948818161670543e-01,-1.947531265357649977e+00,4.998007618649910055e-01,-3.629532030765825201e-04,1.659141220234721104e-01,-2.187596803997401626e-03,2.000000000000000000e+00
-1.018228436476600107e+00,-2.048441079315689972e+00,1.837448715394620069e-01,-6.156011996778197604e-04,1.659141220234721104e-01,-3.710360469440508388e-03,2.000000000000000000e+00
-1.543135875331230089e+00,-1.222041169559360041e+00,7.086523103940850499e-01,-2.426688783818894968e-04,1.244362915890062371e-01,-1.950145534579149527e-03,2.000000000000000000e+00
-1.543135875331230089e+00,-1.730540857370280072e+00,2.001526225831609940e-01,-7.755891101956548239e-04,1.659141220234721104e-01,-4.674641921595625547e-03,2.000000000000000000e+00
-1.034636187520300066e+00,-1.730540857370280072e+00,7.086523103940850499e-01,-3.467676255044446765e-04,1.659141220234721104e-01,-2.090042856360273781e-03,2.000000000000000000e+00
-1.412943902826099940e+00,-1.600348884865149923e+00,5.784603378889600078e-01,-5.809629199133581334e-04,1.659141220234721104e-01,-3.501588127809689838e-03,2.000000000000000000e+00
-4.907655728754909963e-01,-2.126935278388040196e+00,-4.719769930438427220e-04,-4.054615372998254808e-04,1.659141220234721104e-01,-2.443803651882413101e-03,2.000000000000000000e+00
-4.792822790034220182e-01,-1.947531265357649977e+00,4.998007618649900063e-01,2.766233415552773176e-04,1.244362915890062371e-01,2.223011775928852851e-03,2.000000000000000000e+00
-3.065487243429860231e-01,-2.048441079315689972e+00,1.837448715394620069e-01,8.913108879160698550e-05,1.244362915890062371e-01,7.162788898112870326e-04,2.000000000000000000e+00
-1.939530296348989991e+00,-6.781705549145440326e-01,-3.437179920616509898e-01,-2.193533038413534024e-04,1.244362915890062371e-01,-1.762775963830900136e-03,2.000000000000000000e+00
-1.760126283318599993e+00,-6.666872610424749990e-01,-8.439907309196850171e-01,-2.121608104021233121e-04,1.244362915890062371e-01,-1.704975354801294965e-03,2.000000000000000000e+00
-1.861036097276639989e+00,-4.939537063820380047e-01,-5.279348405941559630e-01,-2.920727246040825107e-04,4.147783043446588713e-02,-7.041658677532600455e-03,2.000000000000000000e+00
-1.334284326802130050e+00,-1.032899863855220035e+00,-1.269832687436150076e+00,-3.554038528943286881e-04,1.659141220234721104e-01,-2.142095251205013064e-03,2.000000000000000000e+00
-8.454948818161670543e-01,-1.521689308841190025e+00,-1.269832687436150076e+00,-3.654834690154650802e-04,1.659141220234721104e-01,-2.202847259522366669e-03,2.000000000000000000e+00
-1.018228436476600107e+00,-1.205633418515660082e+00,-1.370742501394190072e+00,-2.276666869388682950e-04,1.244362915890062371e-01,-1.829584312033470444e-03,2.000000000000000000e+00
-1.939530296348989991e+00,-1.021416569983149891e+00,-3.437179920616509898e-01,-4.151958305704597785e-04,1.659141220234721104e-01,-2.502474325312232638e-03,2.000000000000000000e+00
-1.760126283318599993e+00,-1.032899863855220035e+00,-8.439907309196850171e-01,-4.982960080116838331e-04,1.659141220234721104e-01,-3.003336918729492769e-03,2.000000000000000000e+00
-1.760126283318599993e+00,-1.521689308841190025e+00,-3.552012859337200235e-01,-8.100029837089656182e-04,1.659141220234721104e-01,-4.882061718618341956e-03,2.000000000000000000e+00
-1.861036097276639989e+00,-1.205633418515660082e+00,-5.279348405941559630e-01,-6.056468760816183239e-04,1.659141220234721104e-01,-3.650363626044662944e-03,2.000000000000000000e+00
-8.340115879440980207e-01,-2.126935278388040196e+00,-3.437179920616509898e-01,-5.686503577638883644e-04,1.659141220234721104e-01,-3.427377674839761877e-03,2.000000000000000000e+00
-1.334284326802130050e+00,-1.947531265357649977e+00,-3.552012859337200235e-01,-8.831862805271477324e-04,1.659141220234721104e-01,-5.323153145470052409e-03,2.000000000000000000e+00
-8.454948818161670543e-01,-1.947531265357649977e+00,-8.439907309196850171e-01,-6.520108785354021552e-04,1.659141220234721104e-01,-3.929809413349161576e-03,2.000000000000000000e+00
-1.018228436476600107e+00,-2.048441079315689972e+00,-5.279348405941559630e-01,-7.343575444643118955e-04,1.659141220234721104e-01,-4.426130431262633586e-03,2.000000000000000000e+00
-1.543135875331230089e+00,-1.222041169559360041e+00,-1.052842279448779950e+00,-5.884934607963514253e-04,1.659141220234721104e-01,-3.546976312921069126e-03,2.000000000000000000e+00
-1.543135875331230089e+00,-1.730540857370280072e+00,-5.443425916378560325e-01,-9.144405133400257402e-04,1.659141220234721104e-01,-5.511529110286696696e-03,2.000000000000000000e+00
-1.034636187520300066e+00,-1.730540857370280072e+00,-1.052842279448779950e+00,-6.756747883163612134e-04,1.659141220234721104e-01,-4.072436873220307285e-03,2.000000000000000000e+00
-1.412943902826099940e+00,-1.600348884865149923e+00,-9.226503069436550186e-01,-8.773663698931101484e-04,1.659141220234721104e-01,-5.288075295778546341e-03,2.000000000000000000e+00
-4.792822790034220182e-01,-1.521689308841190025e+00,-1.269832687436150076e+00,-2.249643544665648137e-05,4.147783043446588713e-02,-5.423725207180347214e-04,2.000000000000000000e+00
-4.907655728754909963e-01,-2.126935278388040196e+00,-3.437179920616509898e-01,-4.079520712244496237e-04,1.659141220234721104e-01,-2.458814634035408082e-03,2.000000000000000000e+00
-4.792822790034220182e-01,-1.947531265357649977e+00,-8.439907309196850171e-01,-4.105842575566828745e-04,1.659141220234721104e-01,-2.474679385631784346e-03,2.000000000000000000e+00
-3.065487243429860231e-01,-2.048441079315689972e+00,-5.279348405941559630e-01,-3.179669603698421208e-04,1.659141220234721104e-01,-1.916455070201069852e-03,2.000000000000000000e+00
-2.901409732992860091e-01,-1.730540857370280072e+00,-1.052842279448779950e+00,-1.865680654795018052e-04,4.147783043446588713e-02,-4.498018906130480873e-03,2.000000000000000000e+00
-2.755085766261459734e-01,2.178371462059910169e+00,-2.506538924158069892e-01,-4.106422163418949902e-04,1.659141220234721104e-01,-2.475028715661713695e-03,3.000000000000000000e+00
2.247641622318889976e-01,1.998967449029529941e+00,-2.391705985437390103e-01,-1.734217714453104020e-04,4.147783043446588713e-02,-4.181071421257512993e-03,3.000000000000000000e+00
-2.640252827540769953e-01,1.998967449029529941e+00,2.496188464422270104e-01,-7.517255285816905330e-05,4.147783043446588713e-02,-1.812354987490007044e-03,3.000000000000000000e+00
-9.129172809364004271e-02,2.099877262987559945e+00,-6.643704388330200217e-02,-2.203231207006141063e-04,1.244362915890062371e-01,-1.770569645616788378e-03,3.000000000000000000e+00
-6.187545916947529978e-01,2.178371462059910169e+00,-2.506538924158069892e-01,-5.139437966469699581e-04,1.659141220234721104e-01,-3.097649497095018856e-03,3.000000000000000000e+00
-6.302378855668210322e-01,1.998967449029529941e+00,2.496188464422270104e-01,-2.822084790382422257e-04,1.244362915890062371e-01,-2.267895285487396551e-03,3.000000000000000000e+00
-1.119027330552790023e+00,1.998967449029529941e+00,-2.391705985437390103e-01,-6.873265392876998225e-04,1.659141220234721104e-01,-4.142664475483664489e-03,3.000000000000000000e+00
-8.029714402272579710e-01,2.099877262987559945e+00,-6.643704388330200217e-02,-5.089293906826407310e-04,1.659141220234721104e-01,-3.067426596818815555e-03,3.000000000000000000e+00
-1.724273300099639972e+00,1.072852753655030078e+00,-2.506538924158069892e-01,-6.839733132673331273e-04,4.147783043446588713e-02,-1.649009377064687004e-02,3.000000000000000000e+00
-1.544869287069259967e+00,1.573125492513059998e+00,-2.391705985437390103e-01,-5.251167388760913379e-04,1.659141220234721104e-01,-3.164991216370371951e-03,3.000000000000000000e+00
-1.645779101027289970e+00,1.257069602187530055e+00,-6.643704388330200217e-02,-2.443151693110461888e-04,1.244362915890062371e-01,-1.963375524866823457e-03,3.000000000000000000e+00
-8.193791912709580405e-01,1.781977041042160037e+00,4.584703949713210269e-01,-5.349639968312350224e-05,4.147783043446588713e-02,-1.289758869322895360e-03,3.000000000000000000e+00
-1.327878879081880070e+00,1.781977041042160037e+00,-5.002929283960227264e-02,-5.407414963469227287e-04,1.659141220234721104e-01,-3.259164980967824057e-03,3.000000000000000000e+00
-1.197686906576759913e+00,1.651785068537030110e+00,3.282784224661959849e-01,-2.351560858983720026e-04,1.244362915890062371e-01,-1.889770925310568219e-03,3.000000000000000000e+00
-2.755085766261459734e-01,1.072852753655030078e+00,-1.699418615889300099e+00,-7.722484106782029345e-05,4.147783043446588713e-02,-1.861834147517284991e-03,3.000000000000000000e+00
-2.640252827540769953e-01,1.573125492513059998e+00,-1.520014602858920094e+00,-4.752722308894521963e-04,1.659141220234721104e-01,-2.864567675693180382e-03,3.000000000000000000e+00
-9.129172809364004271e-02,1.257069602187530055e+00,-1.620924416816950098e+00,-1.927606287107503085e-04,1.244362915890062371e-01,-1.549070823706389169e-03,3.000000000000000000e+00
-2.755085766261459734e-01,2.178371462059910169e+00,-5.938999074844140136e-01,-5.106979269645685326e-04,1.659141220234721104e-01,-3.078085944319552177e-03,3.000000000000000000e+00
2.247641622318889976e-01,1.998967449029529941e+00,-6.053832013564830472e-01,-2.746382656675718805e-04,1.244362915890062371e-01,-2.207059228144305895e-03,3.000000000000000000e+00
-2.640252827540769953e-01,1.998967449029529941e+00,-1.094172646342449928e+00,-6.538950402669198303e-04,1.659141220234721104e-01,-3.941165660234831163e-03,3.000000000000000000e+00
-9.129172809364004271e-02,2.099877262987559945e+00,-7.781167560169199859e-01,-4.806862766292031852e-04,1.659141220234721104e-01,-2.897199290613729737e-03,3.000000000000000000e+00
4.336157107609829864e-01,1.781977041042160037e+00,-7.945245070606200555e-01,-2.304675743835387863e-05,4.147783043446588713e-02,-5.556403793772983881e-04,3.000000000000000000e+00
-7.488397704994030624e-02,1.781977041042160037e+00,-1.303024194871539976e+00,-4.717688268223719215e-04,1.659141220234721104e-01,-2.843451907943255613e-03,3.000000000000000000e+00
3.034237382558579998e-01,1.651785068537030110e+00,-1.172832222366420041e+00,1.647196719108922063e-04,1.244362915890062371e-01,1.323726943381885093e-03,3.000000000000000000e+00
-6.187545916947529978e-01,1.072852753655030078e+00,-1.699418615889300099e+00,-2.900949946239086974e-04,1.659141220234721104e-01,-1.748464754452116804e-03,3.000000000000000000e+00
-6.302378855668210322e-01,1.573125492513059998e+00,-1.520014602858920094e+00,-6.411005228978972070e-04,1.659141220234721104e-01,-3.864050359783116010e-03,3.000000000000000000e+00
-1.119027330552790023e+00,1.084336047527100000e+00,-1.520014602858920094e+00,-4.501496120321162877e-04,1.659141220234721104e-01,-2.713148263343327475e-03,3.000000000000000000e+00
-8.029714402272579710e-01,1.257069602187530055e+00,-1.620924416816950098e+00,-4.762193776941536782e-04,1.659141220234721104e-01,-2.870276332636604623e-03,3.000000000000000000e+00
-6.187545916947529978e-01,2.178371462059910169e+00,-5.938999074844140136e-01,-6.227392331859676888e-04,1.659141220234721104e-01,-3.753382928415628650e-03,3.000000000000000000e+00
-6.302378855668210322e-01,1.998967449029529941e+00,-1.094172646342449928e+00,-8.302226264432915892e-04,1.659141220234721104e-01,-5.003929842245970726e-03,3.000000000000000000e+00
-1.119027330552790023e+00,1.998967449029529941e+00,-6.053832013564830472e-01,-8.434297520040108520e-04,1.659141220234721104e-01,-5.083532020768489340e-03,3.000000000000000000e+00
-8.029714402272579710e-01,2.099877262987559945e+00,-7.781167560169199859e-01,-7.978047709175338509e-04,1.659141220234721104e-01,-4.808540473755858365e-03,3.000000000000000000e+00
-1.724273300099639972e+00,1.072852753655030078e+00,-5.938999074844140136e-01,-3.209808011137155193e-04,1.659141220234721104e-01,-1.934620134796638437e-03,3.000000000000000000e+00
-1.544869287069259967e+00,1.573125492513059998e+00,-6.053832013564830472e-01,-6.662090701065118137e-04,1.659141220234721104e-01,-4.015384959287927186e-03,3.000000000000000000e+00
-1.544869287069259967e+00,1.084336047527100000e+00,-1.094172646342449928e+00,-4.440771430764509932e-04,1.659141220234721104e-01,-2.676548190476677781e-03,3.000000000000000000e+00
-1.645779101027289970e+00,1.257069602187530055e+00,-7.781167560169199859e-01,-4.838143546103471082e-04,1.659141220234721104e-01,-2.916052887540827865e-03,3.000000000000000000e+00
-8.193791912709580405e-01,1.781977041042160037e+00,-1.303024194871539976e+00,-8.576897629611578144e-04,1.659141220234721104e-01,-5.169480165406409658e-03,3.000000000000000000e+00
-1.327878879081880070e+00,1.781977041042160037e+00,-7.945245070606200555e-01,-8.705397357325860008e-04,1.659141220234721104e-01,-5.246929707462933724e-03,3.000000000000000000e+00
-1.327878879081880070e+00,1.273477353231230014e+00,-1.303024194871539976e+00,-6.376257461372346336e-04,1.659141220234721104e-01,-3.843107134949180423e-03,3.000000000000000000e+00
-1.197686906576759913e+00,1.651785068537030110e+00,-1.172832222366420041e+00,-9.506138911862423158e-04,1.659141220234721104e-01,-5.729553817316151466e-03,3.000000000000000000e+00
-1.119027330552790023e+00,7.181234447143509669e-01,-1.520014602858920094e+00,-1.502677984977184023e-04,8.295846115454036385e-02,-1.811361932302358842e-03,3.000000000000000000e+00
-1.544869287069259967e+00,7.181234447143509669e-01,-1.094172646342449928e+00,-1.273006984267472947e-04,8.295846115454036385e-02,-1.534511328381602414e-03,3.000000000000000000e+00
3.185299372447240041e-01,3.067283272427199781e-01,2.349817416838260176e+00,-7.141373715729166377e-04,1.659141220234721104e-01,-4.304259112264636339e-03,4.000000000000000000e+00
8.188026761027580314e-01,3.182116211147890117e-01,2.170413403807870178e+00,-7.743433546947391111e-04,1.659141220234721104e-01,-4.667133485992179184e-03,4.000000000000000000e+00
3.300132311167929822e-01,8.070010661007539499e-01,2.170413403807870178e+00,-7.694828695962649401e-04,1.659141220234721104e-01,-4.637838299788640990e-03,4.000000000000000000e+00
5.027467857772289772e-01,4.909451757752250067e-01,2.271323217765909952e+00,-7.735851296222680251e-04,1.659141220234721104e-01,-4.662563500850324533e-03,4.000000000000000000e+00
1.244644632619229974e+00,3.182116211147890117e-01,1.744571447291400013e+00,-3.934051684845105146e-04,1.659141220234721104e-01,-2.371137331087795792e-03,4.000000000000000000e+00
1.345554446577259977e+00,4.909451757752250067e-01,1.428515556965870070e+00,-1.607359838188688044e-04,8.295846115454036385e-02,-1.937547799005570441e-03,4.000000000000000000e+00
3.300132311167929822e-01,1.232843022617220008e+00,1.744571447291400013e+00,-4.015432509301002941e-04,1.659141220234721104e-01,-2.420187299507231809e-03,4.000000000000000000e+00
5.027467857772289772e-01,1.333752836575260003e+00,1.428515556965870070e+00,-1.076966579670479994e-04,4.147783043446588713e-02,-2.596487252080517671e-03,4.000000000000000000e+00
1.027654224631850077e+00,5.073529268189249652e-01,1.953422995820500052e+00,-6.366182563962430319e-04,1.659141220234721104e-01,-3.837034778185908091e-03,4.000000000000000000e+00
1.027654224631850077e+00,1.015852614629850104e+00,1.444923308009570029e+00,-2.148949853738278952e-04,8.295846115454036385e-02,-2.590392617981518344e-03,4.000000000000000000e+00
5.191545368209290467e-01,1.015852614629850104e+00,1.953422995820500052e+00,-6.357232656761628575e-04,1.659141220234721104e-01,-3.831640477151343049e-03,4.000000000000000000e+00
8.974622521267280328e-01,8.856606421247239513e-01,1.823231023315369903e+00,-6.072522988773837449e-04,1.659141220234721104e-01,-3.660039853578436579e-03,4.000000000000000000e+00
-2.471607782388303073e-02,3.067283272427199781e-01,2.349817416838260176e+00,-6.767342467313107457e-04,1.659141220234721104e-01,-4.078822456328173342e-03,4.000000000000000000e+00
-3.619937169595179721e-02,8.070010661007539499e-01,2.170413403807870178e+00,-7.156855008715844180e-04,1.659141220234721104e-01,-4.313590019602643252e-03,4.000000000000000000e+00
-5.249888166819179913e-01,3.182116211147890117e-01,2.170413403807870178e+00,-5.879521217536029520e-04,1.659141220234721104e-01,-3.543713546399772634e-03,4.000000000000000000e+00
-2.089329263563889927e-01,4.909451757752250067e-01,2.271323217765909952e+00,-6.743917223491595336e-04,1.659141220234721104e-01,-4.064703559433912629e-03,4.000000000000000000e+00
-3.619937169595179721e-02,1.232843022617220008e+00,1.744571447291400013e+00,-3.525224324783248777e-04,1.659141220234721104e-01,-2.124728312328067262e-03,4.000000000000000000e+00
-9.508307731983860478e-01,3.182116211147890117e-01,1.744571447291400013e+00,-1.435821117268445003e-04,4.147783043446588713e-02,-3.461659161602033581e-03,4.000000000000000000e+00
-2.253406774000880075e-01,1.015852614629850104e+00,1.953422995820500052e+00,-5.240187508256631543e-04,1.659141220234721104e-01,-3.158373406885336965e-03,4.000000000000000000e+00
-7.338403652110120357e-01,5.073529268189249652e-01,1.953422995820500052e+00,-4.040044139985293770e-04,1.659141220234721104e-01,-2.435021257210246912e-03,4.000000000000000000e+00
-6.036483927058869936e-01,8.856606421247239513e-01,1.823231023315369903e+00,-3.011938075339128953e-04,1.244362915890062371e-01,-2.420465956416551542e-03,4.000000000000000000e+00
-2.471607782388303073e-02,-3.651768782588710183e-02,2.349817416838260176e+00,-6.415456353107522325e-04,1.659141220234721104e-01,-3.866733147766600841e-03,4.000000000000000000e+00
-5.249888166819169921e-01,-4.800098169795587871e-02,2.170413403807870178e+00,-5.390127023048862931e-04,1.659141220234721104e-01,-3.248745168471140615e-03,4.000000000000000000e+00
-3.619937169595179721e-02,-5.367904266839219618e-01,2.170413403807870178e+00,-5.403642884674424163e-04,1.659141220234721104e-01,-3.256891468171686354e-03,4.000000000000000000e+00
-2.089329263563889927e-01,-2.207345363583929909e-01,2.271323217765909952e+00,-5.761098170586620437e-04,1.659141220234721104e-01,-3.472337435972803685e-03,4.000000000000000000e+00
-9.508307731983860478e-01,-4.800098169795587871e-02,1.744571447291400013e+00,-1.171615681437276056e-04,4.147783043446588713e-02,-2.824679278460344271e-03,4.000000000000000000e+00
-3.619937169595179721e-02,-9.626323832003900183e-01,1.744571447291400013e+00,-9.796837371652683535e-05,4.147783043446588713e-02,-2.361945470395681451e-03,4.000000000000000000e+00
-7.338403652110120357e-01,-2.371422874020920057e-01,1.953422995820500052e+00,-2.633499553979998242e-04,1.244362915890062371e-01,-2.116343648907538077e-03,4.000000000000000000e+00
-2.253406774000880075e-01,-7.456419752130160061e-01,1.953422995820500052e+00,-2.611229960688687957e-04,1.244362915890062371e-01,-2.098447267548903851e-03,4.000000000000000000e+00
-6.036483927058869936e-01,-6.154500027078909641e-01,1.823231023315369903e+00,-2.077768195553331143e-05,4.147783043446588713e-02,-5.009346375616636994e-04,4.000000000000000000e+00
3.185299372447240041e-01,-3.651768782588710183e-02,2.349817416838260176e+00,-6.795122585178219043e-04,1.659141220234721104e-01,-4.095566129215271432e-03,4.000000000000000000e+00
3.300132311167929822e-01,-5.367904266839209626e-01,2.170413403807870178e+00,-5.943974621916252310e-04,1.659141220234721104e-01,-3.582560995666993122e-03,4.000000000000000000e+00
8.188026761027580314e-01,-4.800098169795587871e-02,2.170413403807870178e+00,-7.247547114151743630e-04,1.659141220234721104e-01,-4.368252096784396889e-03,4.000000000000000000e+00
5.027467857772289772e-01,-2.207345363583929909e-01,2.271323217765909952e+00,-6.813831261531025363e-04,1.659141220234721104e-01,-4.106842249731497939e-03,4.000000000000000000e+00
3.300132311167929822e-01,-9.626323832003900183e-01,1.744571447291400013e+00,-1.303178939106143866e-04,4.147783043446588713e-02,-3.141868621033926893e-03,4.000000000000000000e+00
1.244644632619229974e+00,-4.800098169795587871e-02,1.744571447291400013e+00,-3.609891419066175154e-04,1.659141220234721104e-01,-2.175758986058750569e-03,4.000000000000000000e+00
5.191545368209290467e-01,-7.456419752130160061e-01,1.953422995820500052e+00,-4.129124259649313844e-04,1.659141220234721104e-01,-2.488711755992151480e-03,4.000000000000000000e+00
1.027654224631850077e+00,-2.371422874020920057e-01,1.953422995820500052e+00,-5.331421074713169062e-04,1.659141220234721104e-01,-3.213361834237911038e-03,4.000000000000000000e+00
8.974622521267280328e-01,-6.154500027078909641e-01,1.823231023315369903e+00,-3.942263811425941733e-04,1.659141220234721104e-01,-2.376086955918209082e-03,4.000000000000000000e+00
2.239813909213519860e+00,-1.494706767364152068e-02,-3.067049056337829982e-01,-4.797036727379814223e-04,1.659141220234721104e-01,-2.891276926204733051e-03,5.000000000000000000e+00
2.060409896183140077e+00,-3.463773801572743796e-03,1.935678332242510014e-01,-8.714608564155609804e-05,1.244362915890062371e-01,-7.003269265640452461e-04,5.000000000000000000e+00
2.060409896183140077e+00,4.853256711843930149e-01,-2.952216117617140201e-01,-3.804371866613435169e-04,1.659141220234721104e-01,-2.292976523164933205e-03,5.000000000000000000e+00
2.161319710141170081e+00,1.692697808588639885e-01,-1.224880571012779973e-01,-3.411390738339015183e-04,1.659141220234721104e-01,-2.056118368185922730e-03,5.000000000000000000e+00
1.634567939666669911e+00,-1.284307778116750010e+00,-2.952216117617140201e-01,-2.183421184794794869e-04,1.244362915890062371e-01,-1.754649834797629730e-03,5.000000000000000000e+00
2.239813909213519860e+00,-3.581930827422479813e-01,-3.067049056337829982e-01,-5.290391042815610623e-04,1.659141220234721104e-01,-3.188632153968889559e-03,5.000000000000000000e+00
2.060409896183140077e+00,-8.584658216002829523e-01,-2.952216117617140201e-01,-5.847653818332014530e-04,1.659141220234721104e-01,-3.524506381382495196e-03,5.000000000000000000e+00
2.060409896183140077e+00,-3.696763766143170149e-01,1.935678332242510014e-01,-4.296184202449288003e-05,1.244362915890062371e-01,-3.452517065229585513e-04,5.000000000000000000e+00
2.161319710141170081e+00,-5.424099312747540091e-01,-1.224880571012779973e-01,-4.706357530001072098e-04,1.659141220234721104e-01,-2.836622628985889863e-03,5.000000000000000000e+00
1.843419488195759959e+00,-1.067317370129380105e+00,-1.060803060575779971e-01,-3.225319503596008898e-04,1.244362915890062371e-01,-2.591944409793839593e-03,5.000000000000000000e+00
1.843419488195759959e+00,-5.588176823184539677e-01,4.024193817533460171e-01,-3.011231686885240157e-04,4.147783043446588713e-02,-7.259858231116798552e-03,5.000000000000000000e+00
1.713227515690640024e+00,-9.371253976242519546e-01,2.722274092482209751e-01,-3.454983380399290205e-04,4.147783043446588713e-02,-8.329710942471044502e-03,5.000000000000000000e+00
1.134295200808630000e+00,-1.494706767364152068e-02,-1.755469629107279994e+00,-1.637552656889688929e-04,1.244362915890062371e-01,-1.315976742780371016e-03,5.000000000000000000e+00
1.634567939666669911e+00,-3.463773801572743796e-03,-1.576065616076889997e+00,-6.034123262638746432e-04,1.659141220234721104e-01,-3.636895515009319277e-03,5.000000000000000000e+00
1.145778494680699922e+00,4.853256711843930149e-01,-1.576065616076889997e+00,4.664220606221194942e-05,4.147783043446588713e-02,1.124509299875403687e-03,5.000000000000000000e+00
1.318512049341139969e+00,1.692697808588639885e-01,-1.676975430034929992e+00,-2.812160335441162007e-04,1.659141220234721104e-01,-1.694949351594870037e-03,5.000000000000000000e+00
2.239813909213519860e+00,-1.494706767364152068e-02,-6.499509207023900226e-01,-6.083308687741158238e-04,1.659141220234721104e-01,-3.666540625686187140e-03,5.000000000000000000e+00
2.060409896183140077e+00,-3.463773801572743796e-03,-1.150223659560420053e+00,-8.134786998019657989e-04,1.659141220234721104e-01,-4.903010605009751680e-03,5.000000000000000000e+00
2.060409896183140077e+00,4.853256711843930149e-01,-6.614342145744589452e-01,-5.190968873707048348e-04,1.659141220234721104e-01,-3.128708280162356865e-03,5.000000000000000000e+00
2.161319710141170081e+00,1.692697808588639885e-01,-8.341677692348949957e-01,-6.623652949360389619e-04,1.659141220234721104e-01,-3.992217701892387255e-03,5.000000000000000000e+00
1.843419488195759959e+00,1.856775319025640025e-01,-1.359075208089520093e+00,-6.816787296732192136e-04,1.659141220234721104e-01,-4.108623915550607165e-03,5.000000000000000000e+00
1.843419488195759959e+00,6.941772197134870037e-01,-8.505755202785949542e-01,-4.136571541992691849e-04,1.659141220234721104e-01,-2.493200392795668924e-03,5.000000000000000000e+00
1.334919800384839927e+00,6.941772197134870037e-01,-1.359075208089520093e+00,2.148434458494174061e-04,4.147783043446588713e-02,5.179717540647782968e-03,5.000000000000000000e+00
1.713227515690640024e+00,5.639852472083619617e-01,-1.228883235584389944e+00,-4.228743149853054204e-04,1.659141220234721104e-01,-2.548754197822176906e-03,5.000000000000000000e+00
1.134295200808630000e+00,-3.581930827422479813e-01,-1.755469629107279994e+00,-2.974486377165588835e-04,1.659141220234721104e-01,-1.792786738638669965e-03,5.000000000000000000e+00
1.145778494680699922e+00,-8.584658216002829523e-01,-1.576065616076889997e+00,-3.628091798655586064e-04,1.659141220234721104e-01,-2.186728745213330910e-03,5.000000000000000000e+00
1.634567939666669911e+00,-3.696763766143170149e-01,-1.576065616076889997e+00,-6.902781919375378106e-04,1.659141220234721104e-01,-4.160454719097890670e-03,5.000000000000000000e+00
1.318512049341139969e+00,-5.424099312747540091e-01,-1.676975430034929992e+00,-4.652744122774673239e-04,1.659141220234721104e-01,-2.804308678508055444e-03,5.000000000000000000e+00
1.145778494680699922e+00,-1.284307778116750010e+00,-1.150223659560420053e+00,-1.469962694045368057e-04,1.244362915890062371e-01,-1.181297413539473488e-03,5.000000000000000000e+00
1.634567939666669911e+00,-1.284307778116750010e+00,-6.614342145744589452e-01,-3.560641968108590170e-04,1.659141220234721104e-01,-2.146075285625693128e-03,5.000000000000000000e+00
1.318512049341139969e+00,-1.385217592074790005e+00,-8.341677692348949957e-01,-8.488610858663203640e-05,1.244362915890062371e-01,-6.821652068111904452e-04,5.000000000000000000e+00
2.239813909213519860e+00,-3.581930827422479813e-01,-6.499509207023900226e-01,-6.559975355247150280e-04,1.659141220234721104e-01,-3.953837850113266217e-03,5.000000000000000000e+00
2.060409896183140077e+00,-8.584658216002829523e-01,-6.614342145744589452e-01,-7.496180814302033646e-04,1.659141220234721104e-01,-4.518108960755937327e-03,5.000000000000000000e+00
2.060409896183140077e+00,-3.696763766143170149e-01,-1.150223659560420053e+00,-8.824530161529314798e-04,1.659141220234721104e-01,-5.318733603810347176e-03,5.000000000000000000e+00
2.161319710141170081e+00,-5.424099312747540091e-01,-8.341677692348949957e-01,-7.905830290541523975e-04,1.659141220234721104e-01,-4.765013486569319792e-03,5.000000000000000000e+00
1.334919800384839927e+00,-1.067317370129380105e+00,-1.359075208089520093e+00,-4.767980880138190090e-04,1.659141220234721104e-01,-2.873764343859564092e-03,5.000000000000000000e+00
1.843419488195759959e+00,-1.067317370129380105e+00,-8.505755202785949542e-01,-7.136691868409456019e-04,1.659141220234721104e-01,-4.301437262465106909e-03,5.000000000000000000e+00
1.843419488195759959e+00,-5.588176823184539677e-01,-1.359075208089520093e+00,-8.557130897861899010e-04,1.659141220234721104e-01,-5.157566332208483526e-03,5.000000000000000000e+00
1.713227515690640024e+00,-9.371253976242519546e-01,-1.228883235584389944e+00,-8.227052416466540397e-04,1.659141220234721104e-01,-4.958620951688879133e-03,5.000000000000000000e+00
